[
  {
    "name":"Marketplace",
    "quantity": 2458, 
    "date": "12.Jan.2021",
    "progress": 75.5  
  },
  {
    "name":"Venus DB PRO",
    "quantity": 1485, 
    "date": "21.Feb.2021",
    "progress": 35.4  
  },
  {
    "name":"Venus DS",
    "quantity": 1024, 
    "date": "13.Mar.2021",
    "progress": 25  
  },
  {
    "name":"Venus 3D Asset",
    "quantity": 858, 
    "date": "24.Jan.2021",
    "progress": 100  
  },
  {
    "name":"Marketplace",
    "quantity": 258, 
    "date": "Oct 24, 2022",
    "progress": 75.5  
  },
  {
    "name":"Marketplace",
    "quantity": 258, 
    "date": "Oct 24, 2022",
    "progress": 75.5  
  },
  {
    "name":"Marketplace",
    "quantity": 258, 
    "date": "12.Jan.2021",
    "progress": 75.5  
  },
  {
    "name":"Venus DB PRO",
    "quantity": 858, 
    "date": "21.Feb.2021",
    "progress": 35.4  
  },
  {
    "name":"Venus DS",
    "quantity": 1024, 
    "date": "13.Mar.2021",
    "progress": 25  
  },
  {
    "name":"Venus 3D Asset",
    "quantity": 258, 
    "date": "24.Jan.2021",
    "progress": 100  
  },
  {
    "name":"Marketplace",
    "quantity": 1024, 
    "date": "Oct 24, 2022",
    "progress": 75.5  
  },
  {
    "name":"Marketplace",
    "quantity": 258, 
    "date": "Oct 24, 2022",
    "progress": 75.5  
  },
  {
    "name":"Marketplace",
    "quantity": 258, 
    "date": "Oct 24, 2022",
    "progress": 75.5  
  }
]
